time,best_bid,best_ask,position,askPrice,importTariff,transportFees,market make position,MM_spread,market take position,mm_happened
0,1094,1102,0,1099.0,-5.0,0.9,-50,0.09999999999990905,,0.0
100,1094,1102,0,1099.0,-5.0,0.9,-50,0.09999999999990905,,1.0
200,1093,1101,-50,1097.5,-5.0,0.9,-50,0.599999999999909,,1.0
300,1093,1101,-50,1098.0,-5.0,0.9,-50,0.09999999999990905,,0.0
400,1093,1101,0,1098.0,-5.0,0.9,-50,0.09999999999990905,,1.0
500,1094,1102,-50,1098.5,-5.0,0.9,-50,0.599999999999909,,1.0
600,1093,1101,-50,1098.0,-5.0,0.9,-50,0.09999999999990905,,1.0
700,1093,1101,-50,1098.0,-5.0,0.9,-50,0.09999999999990905,,1.0
800,1093,1101,-50,1097.5,-5.0,0.9,-50,0.599999999999909,,0.0
900,1093,1101,0,1098.0,-5.0,0.9,-50,0.09999999999990905,,0.0
1000,1094,1101,0,1098.5,-5.0,0.9,-50,0.599999999999909,,1.0
1100,1092,1100,-50,1097.0,-5.0,0.9,-50,0.09999999999990905,,0.0
1200,1094,1102,0,1099.0,-5.0,0.9,-50,0.09999999999990905,,1.0
1300,1094,1102,-50,1098.5,-5.0,0.9,-50,0.599999999999909,,1.0
1400,1095,1103,-50,1099.5,-5.0,0.9,-50,0.599999999999909,,1.0
1500,1094,1102,-50,1098.5,-5.0,0.9,-50,0.599999999999909,,1.0
1600,1094,1102,-50,1099.0,-5.0,0.9,-50,0.09999999999990905,,0.0
1700,1095,1103,0,1099.5,-5.0,0.9,-50,0.599999999999909,,1.0
1800,1095,1103,-50,1099.5,-5.0,0.9,-50,0.599999999999909,,1.0
1900,1097,1105,-50,1101.5,-5.0,0.9,-50,0.599999999999909,,1.0
2000,1097,1105,-50,1101.5,-5.0,0.9,-50,0.599999999999909,,1.0
2100,1097,1105,-50,1101.5,-5.0,0.9,-50,0.599999999999909,,0.0
2200,1098,1106,0,1102.5,-5.0,0.9,-50,0.599999999999909,,1.0
2300,1099,1107,-50,1103.5,-5.0,0.9,-50,0.599999999999909,,0.0
2400,1099,1107,0,1103.5,-5.0,0.9,-50,0.599999999999909,,0.0
2500,1096,1104,0,1101.0,-5.0,0.9,-50,0.09999999999990905,,0.0
2600,1094,1102,0,1099.0,-5.0,0.9,-50,0.09999999999990905,,0.0
2700,1095,1103,0,1099.5,-5.0,0.9,-50,0.599999999999909,,1.0
2800,1096,1104,-50,1100.5,-5.0,0.9,-50,0.599999999999909,,1.0
2900,1098,1106,-50,1102.5,-5.0,0.9,-50,0.599999999999909,,0.0
3000,1098,1106,0,1103.0,-5.0,0.9,-50,0.09999999999990905,,0.0
3100,1100,1108,0,1105.0,-5.0,0.9,-50,0.09999999999990905,,1.0
3200,1099,1107,-50,1103.5,-5.0,0.9,-50,0.599999999999909,,1.0
3300,1098,1106,-50,1103.0,-5.0,0.9,-50,0.09999999999990905,,1.0
3400,1098,1106,-50,1103.0,-5.0,0.9,-50,0.09999999999990905,,1.0
3500,1098,1106,-50,1103.0,-5.0,0.9,-50,0.09999999999990905,,1.0
3600,1098,1106,-50,1102.5,-5.0,0.9,-50,0.599999999999909,,1.0
3700,1097,1105,-50,1102.0,-5.0,0.9,-50,0.09999999999990905,,1.0
3800,1098,1106,-50,1103.0,-5.0,0.9,-50,0.09999999999990905,,0.0
3900,1098,1106,0,1103.0,-5.0,0.9,-50,0.09999999999990905,,1.0
4000,1099,1107,-50,1104.0,-5.0,0.9,-50,0.09999999999990905,,0.0
4100,1099,1107,0,1104.0,-5.0,0.9,-50,0.09999999999990905,,1.0
4200,1099,1107,-50,1103.5,-5.0,0.9,-50,0.599999999999909,,0.0
4300,1100,1108,0,1104.5,-5.0,0.9,-50,0.599999999999909,,0.0
4400,1100,1108,0,1105.0,-5.0,0.9,-50,0.09999999999990905,,1.0
4500,1100,1108,-50,1105.0,-5.0,0.9,-50,0.09999999999990905,,1.0
4600,1100,1108,-50,1105.0,-5.0,0.9,-50,0.09999999999990905,,1.0
4700,1099,1107,-50,1104.0,-5.0,0.9,-50,0.09999999999990905,,1.0
4800,1099,1107,-50,1104.0,-5.0,0.9,-50,0.09999999999990905,,1.0
4900,1098,1106,-50,1102.5,-5.0,0.9,-50,0.599999999999909,,1.0
5000,1097,1105,-50,1102.0,-5.0,0.9,-50,0.09999999999990905,,1.0
5100,1096,1104,-50,1101.0,-5.0,0.9,-50,0.09999999999990905,,1.0
5200,1097,1105,-50,1102.0,-5.0,0.9,-50,0.09999999999990905,,0.0
5300,1098,1106,0,1103.0,-5.0,0.9,-50,0.09999999999990905,,0.0
5400,1098,1106,0,1103.0,-5.0,0.9,-50,0.09999999999990905,,0.0
5500,1097,1105,0,1101.5,-5.0,0.9,-50,0.599999999999909,,1.0
5600,1098,1106,-50,1102.5,-5.0,0.9,-50,0.599999999999909,,1.0
5700,1099,1107,-50,1103.5,-5.0,0.9,-50,0.599999999999909,,1.0
5800,1099,1107,-50,1104.0,-5.0,0.9,-50,0.09999999999990905,,1.0
5900,1098,1106,-50,1102.5,-5.0,0.9,-50,0.599999999999909,,0.0
6000,1098,1105,0,1102.5,-5.0,0.9,-50,0.599999999999909,,1.0
6100,1098,1106,-50,1103.0,-5.0,0.9,-50,0.09999999999990905,,0.0
6200,1100,1108,0,1105.0,-5.0,0.9,-50,0.09999999999990905,,0.0
6300,1100,1108,0,1105.0,-5.0,0.9,-50,0.09999999999990905,,1.0
6400,1098,1106,-50,1103.0,-5.0,0.9,-50,0.09999999999990905,,0.0
6500,1097,1105,0,1102.0,-5.0,0.9,-50,0.09999999999990905,,0.0
6600,1097,1105,0,1102.0,-5.0,0.9,-50,0.09999999999990905,,0.0
6700,1096,1104,0,1100.5,-5.0,0.9,-50,0.599999999999909,,0.0
6800,1094,1102,0,1099.0,-5.0,0.9,-50,0.09999999999990905,,0.0
6900,1095,1103,0,1100.0,-5.0,0.9,-50,0.09999999999990905,,1.0
7000,1095,1103,-50,1100.0,-5.0,0.9,-50,0.09999999999990905,,0.0
7100,1095,1103,0,1100.0,-5.0,0.9,-50,0.09999999999990905,,0.0
7200,1096,1104,0,1101.0,-5.0,0.9,-50,0.09999999999990905,,1.0
7300,1096,1104,-50,1101.0,-5.0,0.9,-50,0.09999999999990905,,0.0
7400,1096,1104,0,1100.5,-5.0,0.9,-50,0.599999999999909,,0.0
7500,1098,1106,0,1102.5,-5.0,0.9,-50,0.599999999999909,,1.0
7600,1098,1106,-50,1102.5,-5.0,0.9,-50,0.599999999999909,,0.0
7700,1097,1105,0,1101.5,-5.0,0.9,-50,0.599999999999909,,0.0
7800,1094,1102,0,1099.0,-5.0,0.9,-50,0.09999999999990905,,1.0
7900,1093,1101,-50,1098.0,-5.0,0.9,-50,0.09999999999990905,,1.0
8000,1099,1101,-50,1098.0,-5.0,0.9,-48,0.09999999999990905,-2.0,1.0
8100,1093,1101,-50,1097.5,-5.0,0.9,-50,0.599999999999909,,0.0
8200,1092,1100,0,1096.5,-5.0,0.9,-50,0.599999999999909,,1.0
8300,1092,1100,-50,1097.0,-5.0,0.9,-50,0.09999999999990905,,1.0
8400,1093,1101,-50,1098.0,-5.0,0.9,-50,0.09999999999990905,,1.0
8500,1093,1101,-50,1097.5,-5.0,0.9,-50,0.599999999999909,,1.0
8600,1092,1100,-50,1096.5,-5.0,0.9,-50,0.599999999999909,,1.0
8700,1092,1099,-50,1096.5,-5.0,0.9,-50,0.599999999999909,,1.0
8800,1091,1099,-50,1096.0,-5.0,0.9,-50,0.09999999999990905,,1.0
8900,1090,1098,-50,1095.0,-5.0,0.9,-50,0.09999999999990905,,1.0
9000,1091,1099,-50,1095.5,-5.0,0.9,-50,0.599999999999909,,0.0
9100,1090,1094,0,1094.5,-5.0,0.9,-50,0.599999999999909,,1.0
9200,1087,1095,-50,1092.0,-5.0,0.9,-50,0.09999999999990905,,1.0
9300,1087,1095,-50,1092.0,-5.0,0.9,-50,0.09999999999990905,,0.0
9400,1088,1096,0,1093.0,-5.0,0.9,-50,0.09999999999990905,,1.0
9500,1087,1095,-50,1092.0,-5.0,0.9,-50,0.09999999999990905,,1.0
9600,1086,1094,-50,1091.0,-5.0,0.9,-50,0.09999999999990905,,1.0
9700,1086,1094,-50,1090.5,-5.0,0.9,-50,0.599999999999909,,0.0
9800,1086,1093,0,1090.5,-5.0,0.9,-50,0.599999999999909,,0.0
9900,1088,1093,0,1089.5,-5.0,0.9,-50,0.599999999999909,-5.0,1.0
10000,1085,1093,-55,1090.0,-5.0,0.9,-45,0.09999999999990905,,0.0
10100,1084,1092,0,1088.5,-5.0,0.9,-50,0.599999999999909,,1.0
10200,1083,1091,-50,1087.5,-5.0,0.9,-50,0.599999999999909,,1.0
10300,1084,1092,-50,1089.0,-5.0,0.9,-50,0.09999999999990905,,0.0
10400,1085,1092,0,1089.5,-5.0,0.9,-50,0.599999999999909,,0.0
10500,1085,1092,0,1089.5,-5.0,0.9,-50,0.599999999999909,,1.0
10600,1086,1094,-50,1090.5,-5.0,0.9,-50,0.599999999999909,,1.0
10700,1085,1093,-50,1089.5,-5.0,0.9,-50,0.599999999999909,,0.0
10800,1084,1092,0,1089.0,-5.0,0.9,-50,0.09999999999990905,,0.0
10900,1085,1093,0,1089.5,-5.0,0.9,-50,0.599999999999909,,0.0
11000,1085,1093,0,1089.5,-5.0,0.9,-50,0.599999999999909,,1.0
11100,1083,1091,-50,1088.0,-5.0,0.9,-50,0.09999999999990905,,0.0
11200,1083,1091,0,1088.0,-5.0,0.9,-50,0.09999999999990905,,1.0
11300,1082,1090,-50,1087.0,-5.0,0.9,-50,0.09999999999990905,,1.0
11400,1082,1090,-50,1086.5,-5.0,0.9,-50,0.599999999999909,,0.0
11500,1082,1090,0,1086.5,-5.0,0.9,-50,0.599999999999909,,1.0
11600,1081,1089,-50,1086.0,-5.0,0.9,-50,0.09999999999990905,,1.0
11700,1082,1089,-50,1086.5,-5.0,0.9,-50,0.599999999999909,,1.0
11800,1082,1089,-50,1086.5,-5.0,0.9,-50,0.599999999999909,,0.0
11900,1082,1090,0,1087.0,-5.0,0.9,-50,0.09999999999990905,,1.0
12000,1081,1089,-50,1085.5,-5.0,0.9,-50,0.599999999999909,,1.0
12100,1082,1086,-50,1086.5,-5.0,0.9,-50,0.599999999999909,,0.0
12200,1082,1090,0,1087.0,-5.0,0.9,-50,0.09999999999990905,,0.0
12300,1083,1091,0,1088.0,-5.0,0.9,-50,0.09999999999990905,,0.0
12400,1083,1091,0,1088.0,-5.0,0.9,-50,0.09999999999990905,,0.0
12500,1083,1091,0,1087.5,-5.0,0.9,-50,0.599999999999909,,0.0
12600,1083,1091,0,1087.5,-5.0,0.9,-50,0.599999999999909,,1.0
12700,1084,1088,-50,1088.5,-5.0,0.9,-50,0.599999999999909,,0.0
12800,1084,1092,0,1088.5,-5.0,0.9,-50,0.599999999999909,,1.0
12900,1083,1091,-50,1087.5,-5.0,0.9,-50,0.599999999999909,,0.0
13000,1084,1092,0,1088.5,-5.0,0.9,-50,0.599999999999909,,1.0
13100,1083,1091,-50,1088.0,-5.0,0.9,-50,0.09999999999990905,,1.0
13200,1083,1091,-50,1088.0,-5.0,0.9,-50,0.09999999999990905,,0.0
13300,1085,1093,0,1089.5,-5.0,0.9,-50,0.599999999999909,,0.0
13400,1084,1092,0,1089.0,-5.0,0.9,-50,0.09999999999990905,,1.0
13500,1083,1091,-50,1087.5,-5.0,0.9,-50,0.599999999999909,,1.0
13600,1084,1092,-50,1088.5,-5.0,0.9,-50,0.599999999999909,,1.0
13700,1084,1092,-50,1089.0,-5.0,0.9,-50,0.09999999999990905,,1.0
13800,1085,1093,-50,1089.5,-5.0,0.9,-50,0.599999999999909,,0.0
13900,1085,1093,0,1090.0,-5.0,0.9,-50,0.09999999999990905,,1.0
14000,1087,1095,-50,1092.0,-5.0,0.9,-50,0.09999999999990905,,0.0
14100,1087,1095,0,1092.0,-5.0,0.9,-50,0.09999999999990905,,1.0
14200,1086,1094,-50,1090.5,-5.0,0.9,-50,0.599999999999909,,0.0
14300,1086,1094,0,1090.5,-5.0,0.9,-50,0.599999999999909,,0.0
14400,1086,1094,0,1091.0,-5.0,0.9,-50,0.09999999999990905,,0.0
14500,1087,1095,0,1091.5,-5.0,0.9,-50,0.599999999999909,,1.0
14600,1088,1096,-50,1092.5,-5.0,0.9,-50,0.599999999999909,,1.0
14700,1088,1096,-50,1092.5,-5.0,0.9,-50,0.599999999999909,,1.0
14800,1088,1096,-50,1092.5,-5.0,0.9,-50,0.599999999999909,,1.0
14900,1092,1097,-50,1093.5,-5.0,0.9,-42,0.599999999999909,-8.0,0.0
15000,1088,1096,-8,1093.0,-5.0,0.9,-50,0.09999999999990905,,1.0
15100,1088,1096,-50,1093.0,-5.0,0.9,-50,0.09999999999990905,,0.0
15200,1087,1095,0,1092.0,-5.0,0.9,-50,0.09999999999990905,,1.0
15300,1087,1095,-50,1092.0,-5.0,0.9,-50,0.09999999999990905,,1.0
15400,1087,1095,-50,1091.5,-5.0,0.9,-50,0.599999999999909,,1.0
15500,1094,1096,-50,1093.0,-5.0,0.9,-46,0.09999999999990905,-4.0,0.0
15600,1088,1096,-4,1092.5,-5.0,0.9,-50,0.599999999999909,,0.0
15700,1087,1095,0,1092.0,-5.0,0.9,-50,0.09999999999990905,,0.0
15800,1087,1095,0,1092.0,-5.0,0.9,-50,0.09999999999990905,,0.0
15900,1086,1089,0,1091.0,-5.0,0.9,-50,0.09999999999990905,,0.0
16000,1087,1095,0,1092.0,-5.0,0.9,-50,0.09999999999990905,,0.0
16100,1087,1095,0,1092.0,-5.0,0.9,-50,0.09999999999990905,,1.0
16200,1087,1095,-50,1092.0,-5.0,0.9,-50,0.09999999999990905,,1.0
16300,1086,1094,-50,1090.5,-5.0,0.9,-50,0.599999999999909,,0.0
16400,1086,1093,0,1090.5,-5.0,0.9,-50,0.599999999999909,,1.0
16500,1088,1093,-50,1089.5,-5.0,0.9,-42,0.599999999999909,-8.0,0.0
16600,1084,1086,-8,1088.5,-5.0,0.9,-50,0.599999999999909,,0.0
16700,1085,1093,0,1089.5,-5.0,0.9,-50,0.599999999999909,,0.0
16800,1085,1092,0,1089.5,-5.0,0.9,-50,0.599999999999909,,0.0
16900,1084,1092,0,1088.5,-5.0,0.9,-50,0.599999999999909,,1.0
17000,1085,1093,-50,1090.0,-5.0,0.8,-50,0.20000000000004547,,1.0
17100,1086,1094,-50,1090.5,-5.0,0.8,-50,0.7000000000000455,,0.0
17200,1086,1094,0,1090.5,-4.5,0.8,-50,0.20000000000004547,,1.0
17300,1083,1091,-50,1087.5,-4.5,0.8,-50,0.20000000000004547,,1.0
17400,1083,1091,-50,1087.5,-4.5,0.8,-50,0.20000000000004547,,1.0
17500,1082,1090,-50,1087.0,-4.5,0.8,-50,0.7000000000000455,,1.0
17600,1082,1090,-50,1087.0,-4.5,0.8,-50,0.7000000000000455,,1.0
17700,1082,1090,-50,1087.0,-4.5,0.8,-50,0.7000000000000455,,0.0
17800,1083,1090,0,1087.5,-4.5,0.8,-50,0.20000000000004547,,1.0
17900,1082,1090,-50,1086.5,-4.5,0.8,-50,0.20000000000004547,,1.0
18000,1082,1090,-50,1087.0,-4.5,0.8,-50,0.7000000000000455,,1.0
18100,1082,1090,-50,1087.0,-4.5,0.8,-50,0.7000000000000455,,1.0
18200,1081,1089,-50,1086.0,-4.5,0.8,-50,0.7000000000000455,,1.0
18300,1083,1091,-50,1087.5,-4.5,0.8,-50,0.20000000000004547,,0.0
18400,1083,1090,0,1087.5,-4.5,0.8,-50,0.20000000000004547,,0.0
18500,1083,1091,0,1088.0,-4.5,0.8,-50,0.7000000000000455,,1.0
18600,1084,1092,-50,1089.0,-4.5,0.8,-50,0.7000000000000455,,0.0
18700,1083,1091,0,1088.0,-4.5,0.8,-50,0.7000000000000455,,1.0
18800,1085,1093,-50,1089.5,-4.5,0.8,-50,0.20000000000004547,,1.0
18900,1085,1093,-50,1090.0,-4.5,0.8,-50,0.7000000000000455,,0.0
19000,1083,1091,0,1087.5,-4.5,0.8,-50,0.20000000000004547,,0.0
19100,1082,1090,0,1087.0,-4.5,0.8,-50,0.7000000000000455,,1.0
19200,1082,1090,-50,1087.0,-4.5,0.8,-50,0.7000000000000455,,1.0
19300,1084,1092,-50,1089.0,-4.5,0.8,-50,0.7000000000000455,,0.0
19400,1083,1091,0,1088.0,-4.5,0.8,-50,0.7000000000000455,,0.0
19500,1083,1091,0,1087.5,-4.5,0.8,-50,0.20000000000004547,,1.0
19600,1083,1091,-50,1088.0,-4.5,0.8,-50,0.7000000000000455,,1.0
19700,1084,1092,-50,1089.0,-4.5,0.8,-50,0.7000000000000455,,1.0
19800,1085,1093,-50,1090.0,-4.5,0.8,-50,0.7000000000000455,,0.0
19900,1087,1095,0,1092.0,-4.5,0.8,-50,0.7000000000000455,,1.0
20000,1087,1095,-50,1092.0,-4.5,0.8,-50,0.7000000000000455,,0.0
20100,1088,1096,0,1093.0,-4.5,0.8,-50,0.7000000000000455,,1.0
20200,1093,1098,-50,1094.5,-4.5,0.8,-41,0.20000000000004547,-9.0,0.0
20300,1088,1096,-9,1092.5,-4.5,0.8,-50,0.20000000000004547,,1.0
20400,1089,1097,-50,1093.5,-4.5,0.8,-50,0.20000000000004547,,0.0
20500,1088,1090,0,1092.5,-4.5,0.8,-50,0.20000000000004547,,1.0
20600,1088,1096,-50,1092.5,-4.5,0.8,-50,0.20000000000004547,,1.0
20700,1088,1096,-50,1092.5,-4.5,0.8,-50,0.20000000000004547,,1.0
20800,1088,1096,-50,1092.5,-4.5,0.8,-50,0.20000000000004547,,1.0
20900,1088,1096,-50,1093.0,-4.5,0.8,-50,0.7000000000000455,,1.0
21000,1088,1096,-50,1092.5,-4.5,0.8,-50,0.20000000000004547,,1.0
21100,1088,1096,-50,1092.5,-4.5,0.8,-50,0.20000000000004547,,1.0
21200,1086,1094,-50,1090.5,-4.5,0.8,-50,0.20000000000004547,,1.0
21300,1084,1092,-50,1089.0,-4.5,0.8,-50,0.7000000000000455,,1.0
21400,1085,1092,-50,1089.5,-4.5,0.8,-50,0.20000000000004547,,0.0
21500,1083,1091,0,1088.0,-4.5,0.8,-50,0.7000000000000455,,1.0
21600,1082,1090,-50,1087.0,-4.5,0.8,-50,0.7000000000000455,,1.0
21700,1082,1090,-50,1087.0,-4.5,0.8,-50,0.7000000000000455,,0.0
21800,1083,1090,0,1087.5,-4.5,0.8,-50,0.20000000000004547,,1.0
21900,1083,1090,-50,1087.5,-4.5,0.8,-50,0.20000000000004547,,1.0
22000,1083,1090,-50,1087.5,-4.5,0.8,-50,0.20000000000004547,,0.0
22100,1083,1090,0,1087.5,-4.5,0.8,-50,0.20000000000004547,,1.0
22200,1082,1090,-50,1086.5,-4.5,0.8,-50,0.20000000000004547,,1.0
22300,1082,1090,-50,1086.5,-4.5,0.8,-50,0.20000000000004547,,0.0
22400,1082,1090,0,1086.5,-4.5,0.8,-50,0.20000000000004547,,1.0
22500,1082,1090,-50,1087.0,-4.5,0.8,-50,0.7000000000000455,,1.0
22600,1083,1091,-50,1087.5,-4.5,0.8,-50,0.20000000000004547,,1.0
22700,1083,1091,-50,1087.5,-4.5,0.8,-50,0.20000000000004547,,0.0
22800,1083,1091,0,1087.5,-4.5,0.8,-50,0.20000000000004547,,1.0
22900,1085,1093,-50,1089.5,-4.5,0.8,-50,0.20000000000004547,,0.0
23000,1082,1090,0,1086.5,-4.5,0.8,-50,0.20000000000004547,,0.0
23100,1081,1089,0,1085.5,-4.5,0.8,-50,0.20000000000004547,,1.0
23200,1080,1088,-50,1085.0,-4.5,0.8,-50,0.7000000000000455,,0.0
23300,1081,1089,0,1085.5,-4.5,0.8,-50,0.20000000000004547,,1.0
23400,1082,1090,-50,1086.5,-4.5,0.8,-50,0.20000000000004547,,1.0
23500,1081,1089,-50,1085.5,-4.5,0.8,-50,0.20000000000004547,,0.0
23600,1082,1089,0,1086.5,-4.5,0.8,-50,0.20000000000004547,,0.0
23700,1083,1090,0,1087.5,-4.5,0.8,-50,0.20000000000004547,,0.0
23800,1084,1091,0,1088.5,-4.5,0.8,-50,0.20000000000004547,,1.0
23900,1085,1092,-50,1089.5,-4.5,0.8,-50,0.20000000000004547,,1.0
24000,1084,1091,-50,1088.5,-4.5,0.8,-50,0.20000000000004547,,1.0
24100,1085,1092,-50,1089.5,-4.5,0.8,-50,0.20000000000004547,,1.0
24200,1083,1090,-50,1087.0,-4.5,0.8,-50,0.7000000000000455,,1.0
24300,1087,1091,-50,1088.0,-4.5,0.8,-44,0.7000000000000455,-6.0,1.0
24400,1085,1092,-50,1089.5,-4.5,0.8,-50,0.20000000000004547,,1.0
24500,1086,1093,-50,1090.0,-4.5,0.8,-50,0.7000000000000455,,1.0
24600,1086,1090,-50,1090.0,-4.5,0.8,-50,0.7000000000000455,,1.0
24700,1083,1090,-50,1087.5,-4.5,0.8,-50,0.20000000000004547,,1.0
24800,1085,1092,-50,1089.5,-4.5,0.8,-50,0.20000000000004547,,0.0
24900,1088,1092,0,1089.5,-4.5,0.8,-50,0.20000000000004547,-5.0,1.0
25000,1084,1091,-55,1088.5,-4.5,0.8,-45,0.20000000000004547,,0.0
25100,1085,1092,0,1089.5,-4.5,0.8,-50,0.20000000000004547,,0.0
25200,1085,1092,0,1089.0,-4.5,0.8,-50,0.7000000000000455,,1.0
25300,1084,1092,-50,1089.0,-4.5,0.8,-50,0.7000000000000455,,0.0
25400,1083,1090,0,1087.5,-4.5,0.8,-50,0.20000000000004547,,0.0
25500,1080,1087,0,1084.5,-4.5,0.8,-50,0.20000000000004547,,0.0
25600,1080,1087,0,1084.5,-4.5,0.8,-50,0.20000000000004547,,1.0
25700,1080,1087,-50,1084.5,-4.5,0.8,-50,0.20000000000004547,,1.0
25800,1078,1085,-50,1082.5,-4.5,0.8,-50,0.20000000000004547,,1.0
25900,1080,1087,-50,1084.0,-4.5,0.8,-50,0.7000000000000455,,1.0
26000,1081,1088,-50,1085.5,-4.5,0.8,-50,0.20000000000004547,,1.0
26100,1082,1089,-50,1086.5,-4.5,0.8,-50,0.20000000000004547,,0.0
26200,1082,1089,0,1086.5,-4.5,0.8,-50,0.20000000000004547,,1.0
26300,1082,1089,-50,1086.5,-4.5,0.8,-50,0.20000000000004547,,0.0
26400,1083,1090,0,1087.0,-4.5,0.8,-50,0.7000000000000455,,1.0
26500,1082,1089,-50,1086.5,-4.5,0.8,-50,0.20000000000004547,,0.0
26600,1082,1089,0,1086.5,-4.5,0.8,-50,0.20000000000004547,,0.0
26700,1081,1088,0,1085.0,-4.5,0.8,-50,0.7000000000000455,,0.0
26800,1079,1086,0,1083.0,-4.5,0.8,-50,0.7000000000000455,,1.0
26900,1078,1085,-50,1082.5,-4.5,0.8,-50,0.20000000000004547,,0.0
27000,1078,1085,0,1082.5,-4.5,0.8,-50,0.20000000000004547,,1.0
27100,1078,1085,-50,1082.0,-4.5,0.8,-50,0.7000000000000455,,1.0
27200,1079,1086,-50,1083.0,-4.5,0.8,-50,0.7000000000000455,,1.0
27300,1080,1087,-50,1084.5,-4.5,0.8,-50,0.20000000000004547,,1.0
27400,1079,1086,-50,1083.5,-4.5,0.8,-50,0.20000000000004547,,1.0
27500,1079,1086,-50,1083.0,-4.5,0.8,-50,0.7000000000000455,,1.0
27600,1079,1086,-50,1083.5,-4.5,0.8,-50,0.20000000000004547,,0.0
27700,1079,1086,0,1083.5,-4.5,0.8,-50,0.20000000000004547,,0.0
27800,1078,1085,0,1082.0,-4.5,0.8,-50,0.7000000000000455,,1.0
27900,1078,1085,-50,1082.0,-4.5,0.8,-50,0.7000000000000455,,1.0
28000,1079,1086,-50,1083.0,-4.5,0.8,-50,0.7000000000000455,,1.0
28100,1079,1086,-50,1083.0,-4.5,0.8,-50,0.7000000000000455,,1.0
28200,1079,1086,-50,1083.5,-4.5,0.8,-50,0.20000000000004547,,1.0
28300,1078,1085,-50,1082.5,-4.5,0.8,-50,0.20000000000004547,,1.0
28400,1079,1086,-50,1083.5,-4.5,0.8,-50,0.20000000000004547,,1.0
28500,1080,1087,-50,1084.5,-4.5,0.8,-50,0.20000000000004547,,0.0
28600,1083,1090,0,1087.5,-4.5,0.8,-50,0.20000000000004547,,1.0
28700,1084,1091,-50,1088.0,-4.5,0.8,-50,0.7000000000000455,,1.0
28800,1085,1092,-50,1089.0,-4.5,0.8,-50,0.7000000000000455,,0.0
28900,1086,1093,0,1090.0,-4.5,0.8,-50,0.7000000000000455,,0.0
29000,1087,1094,0,1091.5,-4.5,0.8,-50,0.20000000000004547,,0.0
29100,1092,1094,0,1091.5,-4.5,0.8,-50,0.20000000000004547,-3.0,1.0
29200,1086,1093,-53,1090.5,-4.5,0.8,-47,0.20000000000004547,,0.0
29300,1086,1094,0,1091.0,-4.5,0.8,-50,0.7000000000000455,,0.0
29400,1086,1093,0,1090.0,-4.5,0.8,-50,0.7000000000000455,,0.0
29500,1085,1092,0,1089.0,-4.5,0.8,-50,0.7000000000000455,,0.0
29600,1086,1093,0,1090.0,-4.5,0.8,-50,0.7000000000000455,,0.0
29700,1087,1094,0,1091.0,-4.5,0.8,-50,0.7000000000000455,,0.0
29800,1088,1095,0,1092.5,-4.5,0.8,-50,0.20000000000004547,,1.0
29900,1088,1095,-50,1092.5,-4.5,0.8,-50,0.20000000000004547,,1.0
30000,1088,1095,-50,1092.5,-4.5,0.8,-50,0.20000000000004547,,0.0
30100,1087,1094,0,1091.5,-4.5,0.8,-50,0.20000000000004547,,1.0
30200,1087,1094,-50,1091.5,-4.5,0.8,-50,0.20000000000004547,,1.0
30300,1087,1094,-50,1091.5,-4.5,0.8,-50,0.20000000000004547,,0.0
30400,1087,1094,0,1091.5,-4.5,0.8,-50,0.20000000000004547,,0.0
30500,1087,1095,0,1092.0,-4.5,0.8,-50,0.7000000000000455,,0.0
30600,1089,1096,0,1093.5,-4.5,0.8,-50,0.20000000000004547,,1.0
30700,1089,1097,-50,1094.0,-4.5,0.8,-50,0.7000000000000455,,0.0
30800,1089,1097,0,1094.0,-4.5,0.8,-50,0.7000000000000455,,1.0
30900,1091,1098,-50,1095.5,-4.5,0.8,-50,0.20000000000004547,,0.0
31000,1091,1098,0,1095.0,-4.5,0.8,-50,0.7000000000000455,,0.0
31100,1090,1097,0,1094.5,-4.5,0.8,-50,0.20000000000004547,,1.0
31200,1089,1093,-50,1093.0,-4.5,0.8,-50,0.7000000000000455,,0.0
31300,1088,1095,0,1092.5,-4.5,0.8,-50,0.20000000000004547,,1.0
31400,1087,1094,-50,1091.0,-4.5,0.8,-50,0.7000000000000455,,1.0
31500,1087,1094,-50,1091.0,-4.5,0.8,-50,0.7000000000000455,,0.0
31600,1087,1094,0,1091.5,-4.5,0.8,-50,0.20000000000004547,,1.0
31700,1088,1095,-50,1092.0,-4.5,0.8,-50,0.7000000000000455,,1.0
31800,1086,1093,-50,1090.0,-4.5,0.8,-50,0.7000000000000455,,0.0
31900,1087,1094,0,1091.5,-4.5,0.8,-50,0.20000000000004547,,1.0
32000,1086,1093,-50,1090.5,-4.5,0.8,-50,0.20000000000004547,,1.0
32100,1085,1092,-50,1089.5,-4.5,0.8,-50,0.20000000000004547,,1.0
32200,1084,1091,-50,1088.0,-4.5,0.8,-50,0.7000000000000455,,1.0
32300,1085,1092,-50,1089.0,-4.5,0.8,-50,0.7000000000000455,,0.0
32400,1084,1091,0,1088.5,-4.5,0.8,-50,0.20000000000004547,,0.0
32500,1084,1088,0,1088.5,-4.5,0.8,-50,0.20000000000004547,,1.0
32600,1084,1091,-50,1088.5,-4.5,0.8,-50,0.20000000000004547,,0.0
32700,1084,1091,0,1088.0,-4.5,0.8,-50,0.7000000000000455,,0.0
32800,1085,1092,0,1089.0,-4.5,0.8,-50,0.7000000000000455,,1.0
32900,1085,1092,-50,1089.0,-4.5,0.8,-50,0.7000000000000455,,1.0
33000,1085,1092,-50,1089.0,-4.5,0.8,-50,0.7000000000000455,,1.0
33100,1086,1090,-50,1090.5,-4.5,0.8,-50,0.20000000000004547,,1.0
33200,1085,1092,-50,1089.5,-4.5,0.8,-50,0.20000000000004547,,1.0
33300,1085,1092,-50,1089.5,-4.5,0.8,-50,0.20000000000004547,,0.0
33400,1086,1090,0,1090.0,-4.5,0.8,-50,0.7000000000000455,,0.0
33500,1085,1092,0,1089.5,-4.5,0.8,-50,0.20000000000004547,,0.0
33600,1086,1093,0,1090.5,-4.5,0.8,-50,0.20000000000004547,,1.0
33700,1088,1095,-50,1092.5,-4.5,0.8,-50,0.20000000000004547,,0.0
33800,1090,1097,0,1094.5,-4.5,0.8,-50,0.20000000000004547,,1.0
33900,1091,1098,-50,1095.0,-4.5,0.8,-50,0.7000000000000455,,1.0
34000,1091,1098,-50,1095.0,-4.5,0.8,-50,0.7000000000000455,,1.0
34100,1092,1099,-50,1096.0,-4.5,0.8,-50,0.7000000000000455,,1.0
34200,1090,1097,-50,1094.0,-4.5,0.8,-50,0.7000000000000455,,0.0
34300,1090,1097,0,1094.5,-4.5,0.8,-50,0.20000000000004547,,0.0
34400,1090,1098,0,1095.0,-4.5,0.8,-50,0.7000000000000455,,1.0
34500,1091,1098,-50,1095.0,-4.5,0.8,-50,0.7000000000000455,,1.0
34600,1089,1096,-50,1093.5,-4.5,0.8,-50,0.20000000000004547,,1.0
34700,1091,1098,-50,1095.0,-4.5,0.8,-50,0.7000000000000455,,1.0
34800,1092,1099,-50,1096.5,-4.5,0.8,-50,0.20000000000004547,,0.0
34900,1093,1100,0,1097.0,-4.5,0.8,-50,0.7000000000000455,,1.0
35000,1093,1100,-50,1097.0,-4.5,0.8,-50,0.7000000000000455,,1.0
35100,1094,1101,-50,1098.0,-4.5,0.8,-50,0.7000000000000455,,1.0
35200,1093,1100,-50,1097.0,-4.5,0.8,-50,0.7000000000000455,,0.0
35300,1092,1099,0,1096.5,-4.5,0.8,-50,0.20000000000004547,,1.0
35400,1091,1098,-50,1095.0,-4.5,0.8,-50,0.7000000000000455,,0.0
35500,1090,1098,0,1095.0,-4.5,0.8,-50,0.7000000000000455,,0.0
35600,1094,1098,0,1095.5,-4.5,0.8,-50,0.20000000000004547,-9.0,0.0
35700,1092,1099,-9,1096.5,-4.5,0.8,-50,0.20000000000004547,,1.0
35800,1092,1099,-50,1096.5,-4.5,0.8,-50,0.20000000000004547,,0.0
35900,1096,1100,0,1097.0,-4.5,0.8,-50,0.7000000000000455,-10.0,1.0
36000,1091,1095,-60,1095.5,-4.5,0.8,-40,0.20000000000004547,,1.0
36100,1090,1097,-40,1094.0,-4.5,0.8,-50,0.7000000000000455,,0.0
36200,1090,1097,0,1094.0,-4.5,0.8,-50,0.7000000000000455,,1.0
36300,1089,1096,-50,1093.5,-4.5,0.8,-50,0.20000000000004547,,0.0
36400,1087,1094,0,1091.5,-4.5,0.8,-50,0.20000000000004547,,0.0
36500,1087,1094,0,1091.5,-4.5,0.8,-50,0.20000000000004547,,0.0
36600,1086,1093,0,1090.5,-4.5,0.8,-50,0.20000000000004547,,0.0
36700,1086,1093,0,1090.0,-4.5,0.8,-50,0.7000000000000455,,0.0
36800,1085,1092,0,1089.0,-4.5,0.8,-50,0.7000000000000455,,1.0
36900,1083,1090,-50,1087.0,-4.5,0.8,-50,0.7000000000000455,,1.0
37000,1084,1091,-50,1088.0,-4.5,0.8,-50,0.7000000000000455,,1.0
37100,1085,1092,-50,1089.0,-4.5,0.8,-50,0.7000000000000455,,1.0
37200,1084,1091,-50,1088.0,-4.5,0.8,-50,0.7000000000000455,,0.0
37300,1085,1092,0,1089.5,-4.5,0.8,-50,0.20000000000004547,,0.0
37400,1084,1091,0,1088.5,-4.5,0.8,-50,0.20000000000004547,,1.0
37500,1083,1090,-50,1087.0,-4.5,0.8,-50,0.7000000000000455,,1.0
37600,1084,1091,-50,1088.0,-4.5,0.8,-50,0.7000000000000455,,0.0
37700,1087,1091,0,1088.5,-4.5,0.8,-50,0.20000000000004547,-7.0,1.0
37800,1085,1092,-57,1089.5,-4.5,0.8,-43,0.20000000000004547,,1.0
37900,1085,1092,-43,1089.0,-4.5,0.8,-50,0.7000000000000455,,1.0
38000,1085,1092,-50,1089.0,-4.5,0.8,-50,0.7000000000000455,,0.0
38100,1085,1092,0,1089.0,-4.5,0.8,-50,0.7000000000000455,,1.0
38200,1084,1091,-50,1088.0,-4.5,0.8,-50,0.7000000000000455,,0.0
38300,1083,1090,0,1087.0,-4.5,0.8,-50,0.7000000000000455,,1.0
38400,1083,1090,-50,1087.5,-4.5,0.8,-50,0.20000000000004547,,1.0
38500,1085,1092,-50,1089.5,-4.5,0.8,-50,0.20000000000004547,,1.0
38600,1086,1093,-50,1090.5,-4.5,0.8,-50,0.20000000000004547,,1.0
38700,1088,1095,-50,1092.0,-4.5,0.8,-50,0.7000000000000455,,0.0
38800,1088,1095,0,1092.5,-4.5,0.8,-50,0.20000000000004547,,1.0
38900,1088,1095,-50,1092.5,-4.5,0.8,-50,0.20000000000004547,,0.0
39000,1091,1095,0,1092.5,-4.5,0.8,-50,0.20000000000004547,-7.0,0.0
39100,1088,1095,-7,1092.5,-4.5,0.8,-50,0.20000000000004547,,1.0
39200,1090,1097,-50,1094.0,-4.5,0.8,-50,0.7000000000000455,,1.0
39300,1089,1097,-50,1094.0,-4.5,0.8,-50,0.7000000000000455,,0.0
39400,1089,1097,0,1094.0,-4.5,0.8,-50,0.7000000000000455,,1.0
39500,1089,1097,-50,1094.0,-4.5,0.8,-50,0.7000000000000455,,1.0
39600,1089,1097,-50,1094.0,-4.5,0.8,-50,0.7000000000000455,,0.0
39700,1089,1096,0,1093.5,-4.5,0.8,-50,0.20000000000004547,,1.0
39800,1089,1096,-50,1093.0,-4.5,0.8,-50,0.7000000000000455,,1.0
39900,1089,1096,-50,1093.0,-4.5,0.8,-50,0.7000000000000455,,0.0
40000,1090,1097,0,1094.0,-4.5,0.8,-50,0.7000000000000455,,1.0
40100,1091,1098,-50,1095.0,-4.5,0.8,-50,0.7000000000000455,,0.0
40200,1090,1097,0,1094.0,-4.5,0.8,-50,0.7000000000000455,,1.0
40300,1089,1096,-50,1093.5,-4.5,0.8,-50,0.20000000000004547,,0.0
40400,1090,1097,0,1094.0,-4.5,0.8,-50,0.7000000000000455,,1.0
40500,1090,1097,-50,1094.0,-4.5,0.8,-50,0.7000000000000455,,0.0
40600,1090,1097,0,1094.0,-4.5,0.8,-50,0.7000000000000455,,1.0
40700,1088,1095,-50,1092.0,-4.5,0.8,-50,0.7000000000000455,,1.0
40800,1089,1096,-50,1093.0,-4.5,0.8,-50,0.7000000000000455,,1.0
40900,1089,1096,-50,1093.0,-4.5,0.8,-50,0.7000000000000455,,0.0
41000,1088,1095,0,1092.5,-4.5,0.8,-50,0.20000000000004547,,0.0
41100,1088,1095,0,1092.0,-4.5,0.8,-50,0.7000000000000455,,0.0
41200,1088,1095,0,1092.5,-4.5,0.8,-50,0.20000000000004547,,1.0
41300,1088,1095,-50,1092.0,-4.5,0.8,-50,0.7000000000000455,,0.0
41400,1087,1094,0,1091.5,-4.5,0.8,-50,0.20000000000004547,,0.0
41500,1088,1095,0,1092.0,-4.5,0.8,-50,0.7000000000000455,,1.0
41600,1088,1095,-50,1092.0,-4.5,0.8,-50,0.7000000000000455,,1.0
41700,1086,1093,-50,1090.5,-4.5,0.8,-50,0.20000000000004547,,1.0
41800,1087,1094,-50,1091.5,-4.5,0.8,-50,0.20000000000004547,,0.0
41900,1086,1093,0,1090.0,-4.5,0.8,-50,0.7000000000000455,,1.0
42000,1086,1093,-50,1090.0,-4.5,0.8,-50,0.7000000000000455,,1.0
42100,1086,1093,-50,1090.0,-4.5,0.8,-50,0.7000000000000455,,1.0
42200,1085,1093,-50,1090.0,-4.5,0.8,-50,0.7000000000000455,,0.0
42300,1085,1093,0,1090.0,-4.5,0.8,-50,0.7000000000000455,,1.0
42400,1087,1094,-50,1091.0,-4.5,0.8,-50,0.7000000000000455,,0.0
42500,1087,1094,0,1091.5,-4.5,0.8,-50,0.20000000000004547,,1.0
42600,1087,1094,-50,1091.5,-4.5,0.8,-50,0.20000000000004547,,0.0
42700,1085,1092,0,1089.5,-4.5,0.8,-50,0.20000000000004547,,0.0
42800,1086,1093,0,1090.0,-4.5,0.8,-50,0.7000000000000455,,1.0
42900,1087,1094,-50,1091.5,-4.5,0.8,-50,0.20000000000004547,,0.0
43000,1089,1096,0,1093.0,-4.5,0.8,-50,0.7000000000000455,,1.0
43100,1087,1094,-50,1091.5,-4.5,0.8,-50,0.20000000000004547,,1.0
43200,1087,1094,-50,1091.0,-4.5,0.8,-50,0.7000000000000455,,0.0
43300,1088,1095,0,1092.0,-4.5,0.8,-50,0.7000000000000455,,1.0
43400,1090,1094,-50,1091.0,-4.5,0.8,-43,0.7000000000000455,-7.0,1.0
43500,1085,1092,-50,1089.5,-4.5,0.8,-50,0.20000000000004547,,0.0
43600,1087,1094,0,1091.0,-4.5,0.8,-50,0.7000000000000455,,1.0
43700,1088,1095,-50,1092.5,-4.5,0.8,-50,0.20000000000004547,,1.0
43800,1089,1096,-50,1093.5,-4.5,0.8,-50,0.20000000000004547,,0.0
43900,1087,1094,0,1091.5,-4.5,0.8,-50,0.20000000000004547,,0.0
44000,1087,1095,0,1092.0,-4.5,0.8,-50,0.7000000000000455,,1.0
44100,1087,1094,-50,1091.5,-4.5,0.8,-50,0.20000000000004547,,1.0
44200,1087,1094,-50,1091.0,-4.5,0.8,-50,0.7000000000000455,,0.0
44300,1085,1092,0,1089.0,-4.5,0.8,-50,0.7000000000000455,,0.0
44400,1084,1091,0,1088.5,-4.5,0.8,-50,0.20000000000004547,,1.0
44500,1083,1090,-50,1087.0,-4.5,0.8,-50,0.7000000000000455,,1.0
44600,1084,1091,-50,1088.5,-4.5,0.8,-50,0.20000000000004547,,0.0
44700,1084,1091,0,1088.5,-4.5,0.8,-50,0.20000000000004547,,0.0
44800,1084,1091,0,1088.5,-4.5,0.8,-50,0.20000000000004547,,1.0
44900,1083,1090,-50,1087.5,-4.5,0.8,-50,0.20000000000004547,,1.0
45000,1084,1091,-50,1088.5,-4.5,0.8,-50,0.20000000000004547,,1.0
45100,1085,1092,-50,1089.5,-4.5,0.8,-50,0.20000000000004547,,1.0
45200,1085,1092,-50,1089.0,-4.5,0.8,-50,0.7000000000000455,,0.0
45300,1086,1093,0,1090.0,-4.5,0.8,-50,0.7000000000000455,,1.0
45400,1086,1093,-50,1090.5,-4.5,0.8,-50,0.20000000000004547,,1.0
45500,1085,1092,-50,1089.5,-4.5,0.8,-50,0.20000000000004547,,0.0
45600,1083,1090,0,1087.0,-4.5,0.8,-50,0.7000000000000455,,1.0
45700,1084,1091,-50,1088.0,-4.5,0.8,-50,0.7000000000000455,,0.0
45800,1084,1091,0,1088.0,-4.5,0.8,-50,0.7000000000000455,,0.0
45900,1085,1092,0,1089.0,-4.5,0.8,-50,0.7000000000000455,,1.0
46000,1083,1090,-50,1087.5,-4.5,0.8,-50,0.20000000000004547,,1.0
46100,1083,1090,-50,1087.5,-4.5,0.8,-50,0.20000000000004547,,0.0
46200,1082,1089,0,1086.0,-4.5,0.8,-50,0.7000000000000455,,0.0
46300,1083,1090,0,1087.0,-4.5,0.8,-50,0.7000000000000455,,1.0
46400,1081,1088,-50,1085.0,-4.5,0.8,-50,0.7000000000000455,,1.0
46500,1083,1087,-50,1084.5,-4.5,0.8,-42,0.20000000000004547,-8.0,0.0
46600,1081,1083,-8,1085.5,-4.5,0.8,-50,0.20000000000004547,,1.0
46700,1081,1089,-50,1086.0,-4.5,0.8,-50,0.7000000000000455,,0.0
46800,1081,1089,0,1086.0,-4.5,0.8,-50,0.7000000000000455,,1.0
46900,1081,1089,-50,1086.0,-4.5,0.8,-50,0.7000000000000455,,0.0
47000,1081,1089,0,1086.0,-4.5,0.8,-50,0.7000000000000455,,0.0
47100,1081,1088,0,1085.5,-4.5,0.8,-50,0.20000000000004547,,0.0
47200,1081,1088,0,1085.5,-4.5,0.8,-50,0.20000000000004547,,0.0
47300,1081,1088,0,1085.5,-4.5,0.8,-50,0.20000000000004547,,1.0
47400,1080,1087,-50,1084.0,-4.5,0.8,-50,0.7000000000000455,,1.0
47500,1079,1086,-50,1083.5,-4.5,0.8,-50,0.20000000000004547,,0.0
47600,1078,1085,0,1082.5,-4.5,0.8,-50,0.20000000000004547,,1.0
47700,1078,1085,-50,1082.5,-4.5,0.8,-50,0.20000000000004547,,0.0
47800,1077,1084,0,1081.5,-4.5,0.8,-50,0.20000000000004547,,0.0
47900,1076,1083,0,1080.0,-4.5,0.8,-50,0.7000000000000455,,1.0
48000,1076,1083,-50,1080.5,-4.5,0.8,-50,0.20000000000004547,,1.0
48100,1076,1083,-50,1080.5,-4.5,0.8,-50,0.20000000000004547,,0.0
48200,1077,1084,0,1081.5,-4.5,0.8,-50,0.20000000000004547,,1.0
48300,1079,1086,-50,1083.0,-4.5,0.8,-50,0.7000000000000455,,0.0
48400,1079,1083,0,1083.5,-4.5,0.8,-50,0.20000000000004547,,1.0
48500,1079,1086,-50,1083.5,-4.5,0.8,-50,0.20000000000004547,,0.0
48600,1079,1086,0,1083.5,-4.5,0.8,-50,0.20000000000004547,,0.0
48700,1080,1087,0,1084.0,-4.5,0.8,-50,0.7000000000000455,,1.0
48800,1081,1088,-50,1085.5,-4.5,0.8,-50,0.20000000000004547,,1.0
48900,1081,1088,-50,1085.0,-4.5,0.8,-50,0.7000000000000455,,1.0
49000,1082,1089,-50,1086.0,-4.5,0.8,-50,0.7000000000000455,,1.0
49100,1082,1089,-50,1086.0,-4.5,0.8,-50,0.7000000000000455,,1.0
49200,1081,1089,-50,1086.0,-4.5,0.8,-50,0.7000000000000455,,0.0
49300,1081,1089,0,1086.0,-4.5,0.8,-50,0.7000000000000455,,0.0
49400,1081,1089,0,1086.0,-4.5,0.8,-50,0.7000000000000455,,1.0
49500,1083,1090,-50,1087.0,-4.5,0.8,-50,0.7000000000000455,,0.0
49600,1083,1090,0,1087.0,-4.5,0.8,-50,0.7000000000000455,,0.0
49700,1083,1090,0,1087.5,-4.5,0.8,-50,0.20000000000004547,,0.0
49800,1083,1091,0,1088.0,-4.5,0.8,-50,0.7000000000000455,,1.0
49900,1084,1091,-50,1088.0,-4.5,0.8,-50,0.7000000000000455,,1.0
50000,1083,1090,-50,1087.0,-4.5,0.8,-50,0.7000000000000455,,0.0
50100,1083,1090,0,1087.5,-4.5,1.2,-50,0.7999999999999545,,0.0
50200,1084,1091,0,1088.0,-4.5,1.1,-50,0.40000000000009095,,0.0
50300,1085,1092,0,1089.5,-4.5,1.1,-50,0.900000000000091,,1.0
50400,1084,1091,-50,1088.0,-4.5,1.1,-50,0.40000000000009095,,1.0
50500,1082,1089,-50,1086.5,-4.5,1.1,-50,0.900000000000091,,1.0
50600,1082,1089,-50,1086.5,-4.5,1.1,-50,0.900000000000091,,1.0
50700,1082,1089,-50,1086.0,-4.5,1.1,-50,0.40000000000009095,,0.0
50800,1083,1090,0,1087.5,-4.5,1.1,-50,0.900000000000091,,1.0
50900,1083,1090,-50,1087.5,-4.5,1.1,-50,0.900000000000091,,1.0
51000,1082,1089,-50,1086.5,-4.5,1.1,-50,0.900000000000091,,1.0
51100,1081,1088,-50,1085.5,-4.5,1.1,-50,0.900000000000091,,1.0
51200,1081,1088,-50,1085.5,-4.5,1.1,-50,0.900000000000091,,0.0
51300,1082,1089,0,1086.0,-4.5,1.1,-50,0.40000000000009095,,0.0
51400,1083,1090,0,1087.0,-4.5,1.1,-50,0.40000000000009095,,0.0
51500,1083,1090,0,1087.5,-4.5,1.1,-50,0.900000000000091,,0.0
51600,1084,1091,0,1088.0,-4.5,1.1,-50,0.40000000000009095,,0.0
51700,1085,1092,0,1089.0,-4.5,1.1,-50,0.40000000000009095,,1.0
51800,1085,1092,-50,1089.0,-4.5,1.1,-50,0.40000000000009095,,1.0
51900,1085,1092,-50,1089.0,-4.5,1.1,-50,0.40000000000009095,,0.0
52000,1084,1091,0,1088.0,-4.5,1.1,-50,0.40000000000009095,,1.0
52100,1083,1091,-50,1088.0,-4.5,1.1,-50,0.40000000000009095,,0.0
52200,1083,1091,0,1088.0,-4.5,1.1,-50,0.40000000000009095,,1.0
52300,1083,1090,-50,1087.0,-4.5,1.1,-50,0.40000000000009095,,1.0
52400,1084,1091,-50,1088.0,-4.5,1.1,-50,0.40000000000009095,,1.0
52500,1084,1091,-50,1088.5,-4.5,1.1,-50,0.900000000000091,,1.0
52600,1085,1092,-50,1089.5,-4.5,1.1,-50,0.900000000000091,,0.0
52700,1085,1092,0,1089.5,-4.5,1.1,-50,0.900000000000091,,1.0
52800,1086,1093,-50,1090.0,-4.5,1.1,-50,0.40000000000009095,,1.0
52900,1086,1093,-50,1090.0,-4.5,1.1,-50,0.40000000000009095,,0.0
53000,1085,1093,0,1090.0,-4.5,1.1,-50,0.40000000000009095,,1.0
53100,1086,1093,-50,1090.5,-4.5,1.1,-50,0.900000000000091,,1.0
53200,1085,1092,-50,1089.5,-4.5,1.1,-50,0.900000000000091,,1.0
53300,1084,1091,-50,1088.5,-4.5,1.1,-50,0.900000000000091,,1.0
53400,1086,1093,-50,1090.0,-4.5,1.1,-50,0.40000000000009095,,1.0
53500,1087,1094,-50,1091.5,-4.5,1.1,-50,0.900000000000091,,0.0
53600,1087,1094,0,1091.5,-4.5,1.1,-50,0.900000000000091,,0.0
53700,1087,1094,0,1091.5,-4.5,1.1,-50,0.900000000000091,,0.0
53800,1088,1095,0,1092.0,-4.5,1.1,-50,0.40000000000009095,,0.0
53900,1088,1095,0,1092.5,-4.5,1.1,-50,0.900000000000091,,0.0
54000,1087,1094,0,1091.5,-4.5,1.1,-50,0.900000000000091,,1.0
54100,1088,1095,-50,1092.5,-4.5,1.1,-50,0.900000000000091,,0.0
54200,1087,1094,0,1091.5,-4.5,1.1,-50,0.900000000000091,,1.0
54300,1088,1095,-50,1092.0,-4.5,1.1,-50,0.40000000000009095,,0.0
54400,1088,1095,0,1092.5,-4.5,1.1,-50,0.900000000000091,,0.0
54500,1088,1092,0,1092.5,-4.5,1.1,-50,0.900000000000091,,0.0
54600,1088,1095,0,1092.0,-4.5,1.1,-50,0.40000000000009095,,1.0
54700,1087,1094,-50,1091.5,-4.5,1.1,-50,0.900000000000091,,1.0
54800,1086,1093,-50,1090.0,-4.5,1.1,-50,0.40000000000009095,,0.0
54900,1087,1094,0,1091.0,-4.5,1.1,-50,0.40000000000009095,,0.0
55000,1087,1094,0,1091.5,-4.5,1.1,-50,0.900000000000091,,1.0
55100,1087,1094,-50,1091.5,-4.5,1.1,-50,0.900000000000091,,1.0
55200,1086,1093,-50,1090.0,-4.5,1.1,-50,0.40000000000009095,,1.0
55300,1089,1093,-50,1090.5,-4.5,1.1,-44,0.900000000000091,-6.0,1.0
55400,1087,1091,-50,1091.5,-4.5,1.1,-50,0.900000000000091,,1.0
55500,1087,1095,-50,1092.0,-4.5,1.1,-50,0.40000000000009095,,1.0
55600,1087,1095,-50,1092.0,-4.5,1.1,-50,0.40000000000009095,,0.0
55700,1088,1095,0,1092.5,-4.5,1.1,-50,0.900000000000091,,1.0
55800,1092,1094,-50,1091.5,-4.5,1.1,-46,0.900000000000091,-4.0,1.0
55900,1087,1094,-50,1091.0,-4.5,1.1,-50,0.40000000000009095,,1.0
56000,1087,1094,-50,1091.0,-4.5,1.1,-50,0.40000000000009095,,0.0
56100,1086,1093,0,1090.5,-4.5,1.1,-50,0.900000000000091,,1.0
56200,1086,1093,-50,1090.5,-5.0,1.1,-50,0.40000000000009095,,0.0
56300,1086,1093,0,1090.5,-5.0,1.1,-50,0.40000000000009095,,0.0
56400,1089,1093,0,1090.5,-5.0,1.1,-50,0.40000000000009095,-5.0,1.0
56500,1086,1094,-55,1091.0,-5.0,1.1,-45,0.900000000000091,,1.0
56600,1085,1089,-45,1089.5,-5.0,1.1,-50,0.40000000000009095,,0.0
56700,1086,1093,0,1090.5,-5.0,1.1,-50,0.40000000000009095,,1.0
56800,1086,1093,-50,1090.5,-5.0,1.1,-50,0.40000000000009095,,1.0
56900,1086,1093,-50,1090.5,-5.0,1.1,-50,0.40000000000009095,,0.0
57000,1087,1094,0,1091.0,-5.0,1.1,-50,0.900000000000091,,0.0
57100,1087,1094,0,1091.5,-5.0,1.1,-50,0.40000000000009095,,1.0
57200,1090,1094,-50,1091.5,-5.0,1.1,-44,0.40000000000009095,-6.0,0.0
57300,1087,1094,-6,1091.5,-5.0,1.1,-50,0.40000000000009095,,1.0
57400,1087,1094,-50,1091.0,-5.0,1.1,-50,0.900000000000091,,1.0
57500,1089,1096,-50,1093.0,-5.0,1.1,-50,0.900000000000091,,1.0
57600,1087,1094,-50,1091.5,-5.0,1.1,-50,0.40000000000009095,,1.0
57700,1086,1093,-50,1090.5,-5.0,1.1,-50,0.40000000000009095,,1.0
57800,1089,1093,-50,1090.5,-5.0,1.1,-44,0.40000000000009095,-6.0,1.0
57900,1087,1094,-50,1091.5,-5.0,1.1,-50,0.40000000000009095,,0.0
58000,1086,1093,0,1090.5,-5.0,1.1,-50,0.40000000000009095,,0.0
58100,1086,1093,0,1090.0,-5.0,1.1,-50,0.900000000000091,,0.0
58200,1084,1091,0,1088.5,-5.0,1.1,-50,0.40000000000009095,,1.0
58300,1087,1091,-50,1088.5,-5.0,1.1,-40,0.40000000000009095,-10.0,1.0
58400,1084,1091,-50,1088.0,-5.0,1.1,-50,0.900000000000091,,0.0
58500,1081,1088,0,1085.5,-5.0,1.1,-50,0.40000000000009095,,0.0
58600,1081,1088,0,1085.0,-5.0,1.1,-50,0.900000000000091,,0.0
58700,1081,1088,0,1085.0,-5.0,1.1,-50,0.900000000000091,,1.0
58800,1080,1087,-50,1084.0,-5.0,1.1,-50,0.900000000000091,,0.0
58900,1080,1087,0,1084.0,-5.0,1.1,-50,0.900000000000091,,0.0
59000,1079,1086,0,1083.0,-5.0,1.1,-50,0.900000000000091,,0.0
59100,1079,1086,0,1083.5,-5.0,1.1,-50,0.40000000000009095,,1.0
59200,1081,1088,-50,1085.0,-5.0,1.1,-50,0.900000000000091,,1.0
59300,1081,1088,-50,1085.5,-5.0,1.1,-50,0.40000000000009095,,0.0
59400,1083,1090,0,1087.0,-5.0,1.1,-50,0.900000000000091,,0.0
59500,1082,1089,0,1086.0,-5.0,1.1,-50,0.900000000000091,,0.0
59600,1082,1089,0,1086.0,-5.0,1.1,-50,0.900000000000091,,1.0
59700,1081,1088,-50,1085.5,-5.0,1.1,-50,0.40000000000009095,,0.0
59800,1081,1088,0,1085.5,-5.0,1.1,-50,0.40000000000009095,,0.0
59900,1080,1087,0,1084.5,-5.0,1.1,-50,0.40000000000009095,,1.0
60000,1078,1085,-50,1082.0,-5.0,1.1,-50,0.900000000000091,,0.0
60100,1078,1085,0,1082.5,-5.0,1.1,-50,0.40000000000009095,,1.0
60200,1078,1085,-50,1082.0,-5.0,1.1,-50,0.900000000000091,,0.0
60300,1077,1084,0,1081.5,-5.0,1.1,-50,0.40000000000009095,,0.0
60400,1078,1085,0,1082.5,-5.0,1.1,-50,0.40000000000009095,,0.0
60500,1078,1085,0,1082.0,-5.0,1.1,-50,0.900000000000091,,1.0
60600,1079,1086,-50,1083.0,-5.0,1.1,-50,0.900000000000091,,0.0
60700,1080,1087,0,1084.0,-5.0,1.1,-50,0.900000000000091,,0.0
60800,1080,1087,0,1084.5,-5.0,1.1,-50,0.40000000000009095,,0.0
60900,1080,1087,0,1084.5,-5.0,1.1,-50,0.40000000000009095,,0.0
61000,1080,1087,0,1084.5,-5.0,1.1,-50,0.40000000000009095,,0.0
61100,1079,1086,0,1083.0,-5.0,1.1,-50,0.900000000000091,,0.0
61200,1079,1086,0,1083.5,-5.0,1.1,-50,0.40000000000009095,,1.0
61300,1080,1087,-50,1084.5,-5.0,1.1,-50,0.40000000000009095,,0.0
61400,1080,1087,0,1084.5,-5.0,1.1,-50,0.40000000000009095,,0.0
61500,1080,1087,0,1084.5,-5.0,1.1,-50,0.40000000000009095,,0.0
61600,1080,1087,0,1084.0,-5.0,1.1,-50,0.900000000000091,,1.0
61700,1079,1086,-50,1083.5,-5.0,1.1,-50,0.40000000000009095,,1.0
61800,1078,1085,-50,1082.0,-5.0,1.1,-50,0.900000000000091,,0.0
61900,1080,1087,0,1084.5,-5.0,1.1,-50,0.40000000000009095,,0.0
62000,1081,1088,0,1085.5,-5.0,1.1,-50,0.40000000000009095,,1.0
62100,1081,1088,-50,1085.5,-5.0,1.1,-50,0.40000000000009095,,0.0
62200,1080,1087,0,1084.0,-5.0,1.1,-50,0.900000000000091,,0.0
62300,1079,1086,0,1083.0,-5.0,1.1,-50,0.900000000000091,,0.0
62400,1077,1084,0,1081.5,-5.0,1.1,-50,0.40000000000009095,,1.0
62500,1077,1084,-50,1081.0,-5.0,1.1,-50,0.900000000000091,,1.0
62600,1075,1082,-50,1079.5,-5.0,1.1,-50,0.40000000000009095,,1.0
62700,1075,1082,-50,1079.0,-5.0,1.1,-50,0.900000000000091,,1.0
62800,1079,1086,-50,1083.0,-5.0,1.1,-50,0.900000000000091,,0.0
62900,1078,1086,0,1083.0,-5.0,1.1,-50,0.900000000000091,,1.0
63000,1078,1085,-50,1082.0,-5.0,1.1,-50,0.900000000000091,,0.0
63100,1079,1086,0,1083.0,-5.0,1.1,-50,0.900000000000091,,1.0
63200,1078,1086,-50,1083.0,-5.0,1.1,-50,0.900000000000091,,0.0
63300,1077,1081,0,1081.5,-5.0,1.1,-50,0.40000000000009095,,0.0
63400,1076,1083,0,1080.5,-5.0,1.1,-50,0.40000000000009095,,1.0
63500,1077,1084,-50,1081.5,-5.0,1.1,-50,0.40000000000009095,,1.0
63600,1077,1085,-50,1082.0,-5.0,1.1,-50,0.900000000000091,,1.0
63700,1077,1084,-50,1081.5,-5.0,1.1,-50,0.40000000000009095,,1.0
63800,1077,1084,-50,1081.5,-5.0,1.1,-50,0.40000000000009095,,1.0
63900,1077,1084,-50,1081.5,-5.0,1.1,-50,0.40000000000009095,,0.0
64000,1077,1084,0,1081.5,-5.0,1.1,-50,0.40000000000009095,,1.0
64100,1079,1086,-50,1083.0,-5.0,1.1,-50,0.900000000000091,,1.0
64200,1078,1085,-50,1082.5,-5.0,1.1,-50,0.40000000000009095,,0.0
64300,1078,1086,0,1083.0,-5.0,1.1,-50,0.900000000000091,,1.0
64400,1078,1086,-50,1083.0,-5.0,1.1,-50,0.900000000000091,,0.0
64500,1078,1085,0,1082.0,-5.0,1.1,-50,0.900000000000091,,0.0
64600,1076,1083,0,1080.5,-5.0,1.1,-50,0.40000000000009095,,1.0
64700,1076,1083,-50,1080.5,-5.0,1.1,-50,0.40000000000009095,,1.0
64800,1078,1085,-50,1082.0,-5.0,1.1,-50,0.900000000000091,,1.0
64900,1078,1085,-50,1082.5,-5.0,1.1,-50,0.40000000000009095,,0.0
65000,1078,1085,0,1082.0,-5.0,1.1,-50,0.900000000000091,,1.0
65100,1077,1085,-50,1082.0,-5.0,1.1,-50,0.900000000000091,,0.0
65200,1080,1087,0,1084.0,-5.0,1.1,-50,0.900000000000091,,0.0
65300,1081,1088,0,1085.0,-5.0,1.1,-50,0.900000000000091,,0.0
65400,1082,1089,0,1086.0,-5.0,1.1,-50,0.900000000000091,,0.0
65500,1082,1089,0,1086.0,-5.0,1.1,-50,0.900000000000091,,0.0
65600,1081,1088,0,1085.0,-5.0,1.1,-50,0.900000000000091,,0.0
65700,1083,1090,0,1087.5,-5.0,1.1,-50,0.40000000000009095,,0.0
65800,1084,1091,0,1088.0,-5.0,1.1,-50,0.900000000000091,,0.0
65900,1083,1087,0,1087.5,-5.0,1.1,-50,0.40000000000009095,,0.0
66000,1082,1089,0,1086.5,-5.0,1.1,-50,0.40000000000009095,,1.0
66100,1083,1090,-50,1087.5,-5.0,1.1,-50,0.40000000000009095,,1.0
66200,1083,1091,-50,1088.0,-5.0,1.1,-50,0.900000000000091,,1.0
66300,1082,1089,-50,1086.0,-5.0,1.1,-50,0.900000000000091,,1.0
66400,1081,1088,-50,1085.0,-5.0,1.1,-50,0.900000000000091,,1.0
66500,1082,1089,-50,1086.5,-5.0,1.1,-50,0.40000000000009095,,1.0
66600,1084,1091,-50,1088.0,-5.0,1.1,-50,0.900000000000091,,1.0
66700,1083,1091,-50,1088.0,-5.0,1.1,-50,0.900000000000091,,0.0
66800,1084,1091,0,1088.5,-5.0,1.1,-50,0.40000000000009095,,0.0
66900,1086,1093,0,1090.0,-5.0,1.1,-50,0.900000000000091,,0.0
67000,1085,1092,0,1089.0,-5.0,1.1,-50,0.900000000000091,,1.0
67100,1084,1091,-50,1088.0,-5.0,1.1,-50,0.900000000000091,,0.0
67200,1082,1089,0,1086.5,-5.0,1.1,-50,0.40000000000009095,,1.0
67300,1081,1088,-50,1085.5,-5.0,1.1,-50,0.40000000000009095,,1.0
67400,1081,1088,-50,1085.5,-5.0,1.1,-50,0.40000000000009095,,1.0
67500,1081,1089,-50,1086.0,-5.0,1.1,-50,0.900000000000091,,1.0
67600,1081,1088,-50,1085.5,-5.0,1.1,-50,0.40000000000009095,,0.0
67700,1081,1088,0,1085.5,-5.0,1.1,-50,0.40000000000009095,,1.0
67800,1081,1088,-50,1085.5,-5.0,1.1,-50,0.40000000000009095,,0.0
67900,1081,1088,0,1085.5,-5.0,1.1,-50,0.40000000000009095,,0.0
68000,1082,1089,0,1086.5,-5.0,1.1,-50,0.40000000000009095,,1.0
68100,1081,1088,-50,1085.5,-5.0,1.1,-50,0.40000000000009095,,1.0
68200,1078,1085,-50,1082.0,-5.0,1.1,-50,0.900000000000091,,1.0
68300,1079,1086,-50,1083.0,-5.0,1.1,-50,0.900000000000091,,1.0
68400,1080,1087,-50,1084.0,-5.0,1.1,-50,0.900000000000091,,0.0
68500,1079,1086,0,1083.5,-5.0,1.1,-50,0.40000000000009095,,1.0
68600,1078,1085,-50,1082.5,-5.0,1.1,-50,0.40000000000009095,,1.0
68700,1079,1086,-50,1083.0,-5.0,1.1,-50,0.900000000000091,,0.0
68800,1078,1085,0,1082.0,-5.0,1.1,-50,0.900000000000091,,1.0
68900,1078,1085,-50,1082.0,-5.0,1.1,-50,0.900000000000091,,0.0
69000,1078,1085,0,1082.5,-5.0,1.1,-50,0.40000000000009095,,0.0
69100,1077,1084,0,1081.5,-5.0,1.1,-50,0.40000000000009095,,0.0
69200,1077,1084,0,1081.5,-5.0,1.1,-50,0.40000000000009095,,1.0
69300,1076,1083,-50,1080.5,-5.0,1.1,-50,0.40000000000009095,,1.0
69400,1076,1084,-50,1081.0,-5.0,1.1,-50,0.900000000000091,,0.0
69500,1077,1084,0,1081.5,-5.0,1.1,-50,0.40000000000009095,,0.0
69600,1077,1085,0,1082.0,-5.0,1.1,-50,0.900000000000091,,1.0
69700,1074,1081,-50,1078.5,-5.0,1.1,-50,0.40000000000009095,,1.0
69800,1072,1079,-50,1076.5,-5.0,1.1,-50,0.40000000000009095,,1.0
69900,1073,1080,-50,1077.0,-5.0,1.1,-50,0.900000000000091,,0.0
70000,1073,1080,0,1077.0,-5.0,1.1,-50,0.900000000000091,,1.0
70100,1071,1078,-50,1075.5,-5.0,1.1,-50,0.40000000000009095,,1.0
70200,1072,1079,-50,1076.0,-5.0,1.1,-50,0.900000000000091,,0.0
70300,1074,1081,0,1078.5,-5.0,1.1,-50,0.40000000000009095,,0.0
70400,1074,1081,0,1078.5,-5.0,1.1,-50,0.40000000000009095,,0.0
70500,1073,1077,0,1077.5,-5.0,1.1,-50,0.40000000000009095,,1.0
70600,1073,1081,-50,1078.0,-5.0,1.1,-50,0.900000000000091,,1.0
70700,1073,1081,-50,1078.0,-5.0,1.1,-50,0.900000000000091,,1.0
70800,1072,1079,-50,1076.5,-5.0,1.1,-50,0.40000000000009095,,1.0
70900,1073,1080,-50,1077.5,-5.0,1.0,-50,0.5,,0.0
71000,1073,1080,0,1077.0,-5.0,1.0,-50,1.0,,1.0
71100,1073,1080,-50,1077.5,-5.0,1.0,-50,0.5,,1.0
71200,1073,1080,-50,1077.5,-5.0,1.0,-50,0.5,,1.0
71300,1073,1077,-50,1077.5,-5.0,1.0,-50,0.5,,1.0
71400,1073,1081,-50,1078.0,-5.0,1.0,-50,1.0,,1.0
71500,1079,1083,-50,1080.0,-5.0,1.0,-42,1.0,-8.0,0.0
71600,1075,1082,-8,1079.0,-5.0,1.0,-50,1.0,,0.0
71700,1072,1079,0,1076.5,-5.0,1.0,-50,0.5,,0.0
71800,1072,1079,0,1076.0,-5.0,1.0,-50,1.0,,1.0
71900,1073,1080,-50,1077.0,-5.0,1.0,-50,1.0,,0.0
72000,1072,1079,0,1076.0,-5.0,1.0,-50,1.0,,1.0
72100,1073,1080,-50,1077.0,-5.0,1.0,-50,1.0,,0.0
72200,1073,1080,0,1077.0,-5.0,1.0,-50,1.0,,1.0
72300,1072,1076,-50,1076.5,-5.0,1.0,-50,0.5,,1.0
72400,1071,1075,-50,1075.5,-5.0,1.0,-50,0.5,,1.0
72500,1071,1079,-50,1076.0,-5.0,1.0,-50,1.0,,0.0
72600,1071,1078,0,1075.5,-5.0,1.0,-50,0.5,,1.0
72700,1070,1077,-50,1074.5,-5.5,1.0,-50,1.0,,1.0
72800,1071,1078,-50,1075.5,-5.5,1.0,-50,1.0,,1.0
72900,1072,1079,-50,1076.5,-5.5,1.0,-50,1.0,,1.0
73000,1071,1078,-50,1075.0,-5.5,1.0,-43,0.5,-7.0,1.0
73100,1072,1079,-50,1076.5,-5.5,1.0,-50,1.0,,1.0
73200,1073,1080,-50,1077.5,-5.5,1.0,-50,1.0,,1.0
73300,1073,1080,-50,1077.5,-5.5,1.0,-50,1.0,,0.0
73400,1074,1081,0,1078.5,-5.5,1.0,-50,1.0,,1.0
73500,1076,1083,-50,1080.0,-5.5,1.0,-45,0.5,-5.0,0.0
73600,1074,1081,-5,1078.0,-5.5,1.0,-50,0.5,-8.0,0.0
73700,1074,1081,-8,1078.5,-5.5,1.0,-50,1.0,,1.0
73800,1074,1081,-50,1078.5,-5.5,1.0,-50,1.0,,1.0
73900,1076,1083,-50,1080.5,-5.5,1.0,-50,1.0,,1.0
74000,1075,1082,-50,1079.0,-5.5,1.0,-40,0.5,-10.0,1.0
74100,1075,1082,-50,1079.0,-5.5,1.0,-42,0.5,-8.0,0.0
74200,1073,1080,-8,1077.5,-5.5,1.0,-50,1.0,,1.0
74300,1072,1079,-50,1076.5,-5.5,1.0,-50,1.0,,1.0
74400,1072,1079,-50,1076.5,-5.5,1.0,-50,1.0,,1.0
74500,1071,1078,-50,1075.5,-5.5,1.0,-50,1.0,,0.0
74600,1070,1072,0,1074.5,-5.5,1.0,-50,1.0,,1.0
74700,1072,1079,-50,1076.0,-5.5,1.0,-40,0.5,-10.0,1.0
74800,1072,1079,-50,1076.0,-5.5,1.0,-44,0.5,-6.0,1.0
74900,1070,1077,-50,1074.5,-5.5,1.0,-50,1.0,,1.0
75000,1072,1079,-50,1076.0,-5.5,1.0,-40,0.5,-10.0,1.0
75100,1070,1077,-50,1074.5,-5.5,1.0,-50,1.0,,1.0
75200,1072,1079,-50,1076.5,-5.5,1.0,-50,1.0,,0.0
75300,1072,1079,0,1076.5,-5.5,1.0,-50,1.0,,0.0
75400,1072,1079,0,1076.0,-5.5,1.0,-50,0.5,-5.0,1.0
75500,1073,1080,-55,1077.0,-5.5,1.0,-38,0.5,-7.0,1.0
75600,1073,1080,-45,1077.5,-5.5,1.0,-50,1.0,,0.0
75700,1073,1081,0,1078.0,-5.5,1.0,-50,0.5,,1.0
75800,1073,1080,-50,1077.5,-5.5,1.0,-50,1.0,,1.0
75900,1073,1080,-50,1077.5,-5.5,1.0,-50,1.0,,1.0
76000,1075,1082,-50,1079.0,-5.5,1.0,-45,0.5,-5.0,1.0
76100,1075,1082,-50,1079.5,-5.5,1.0,-50,1.0,,1.0
76200,1078,1082,-50,1079.5,-5.5,1.0,-44,1.0,-6.0,1.0
76300,1076,1083,-50,1080.0,-5.5,1.0,-43,0.5,-7.0,1.0
76400,1077,1084,-50,1081.0,-6.0,1.0,-42,1.0,-8.0,1.0
76500,1076,1084,-50,1081.0,-6.0,1.0,-50,1.0,,1.0
76600,1078,1085,-50,1082.0,-6.0,1.0,-44,1.0,-6.0,0.0
76700,1077,1084,-6,1081.0,-6.0,1.0,-50,1.0,-7.0,1.0
76800,1076,1083,-57,1080.5,-6.0,1.0,-33,0.5,-10.0,0.0
76900,1077,1084,-10,1081.0,-6.0,1.0,-50,1.0,-7.0,1.0
77000,1078,1085,-57,1082.0,-6.0,1.0,-35,1.0,-8.0,1.0
77100,1077,1084,-43,1081.0,-6.0,1.0,-47,1.0,-10.0,1.0
77200,1076,1083,-57,1080.0,-6.0,1.0,-38,1.0,-5.0,1.0
77300,1075,1083,-43,1080.0,-6.0,1.0,-50,1.0,,1.0
77400,1077,1084,-50,1081.5,-6.0,1.0,-45,0.5,-5.0,0.0
77500,1077,1084,-5,1081.0,-6.0,1.0,-50,1.0,-8.0,0.0
77600,1077,1084,-8,1081.5,-6.0,1.0,-50,0.5,-8.0,1.0
77700,1078,1085,-58,1082.5,-6.0,1.0,-34,0.5,-8.0,1.0
77800,1078,1085,-42,1082.5,-6.0,1.0,-50,0.5,-6.0,1.0
77900,1075,1082,-56,1079.5,-6.0,1.0,-39,0.5,-5.0,0.0
78000,1075,1082,-5,1079.5,-6.0,1.0,-50,0.5,-6.0,1.0
78100,1076,1083,-56,1080.0,-6.0,1.0,-34,1.0,-10.0,1.0
78200,1073,1080,-44,1077.5,-6.0,1.0,-50,0.5,-6.0,1.0
78300,1072,1079,-56,1076.5,-6.0,1.0,-39,0.5,-5.0,1.0
78400,1072,1079,-44,1076.5,-6.0,1.0,-48,0.5,-8.0,1.0
78500,1072,1079,-56,1076.0,-6.0,1.0,-39,1.0,-5.0,1.0
78600,1072,1079,-44,1076.5,-6.0,1.0,-47,0.5,-9.0,0.0
78700,1072,1079,-9,1076.5,-6.0,1.0,-50,0.5,-7.0,0.0
78800,1073,1080,-7,1077.0,-6.0,1.0,-50,1.0,-5.0,1.0
78900,1072,1080,-55,1077.0,-6.0,1.0,-45,1.0,,1.0
79000,1074,1081,-45,1078.0,-6.0,1.0,-46,1.0,-9.0,0.0
79100,1075,1082,-9,1079.0,-6.0,1.0,-50,1.0,-5.0,0.0
79200,1075,1082,-5,1079.5,-6.0,1.0,-50,0.5,-5.0,0.0
79300,1075,1082,-5,1079.0,-6.0,1.0,-50,1.0,-9.0,1.0
79400,1074,1081,-59,1078.5,-6.0,1.0,-31,0.5,-10.0,1.0
79500,1073,1080,-41,1077.5,-6.0,1.0,-50,0.5,-6.0,0.0
79600,1074,1081,-6,1078.5,-6.0,1.0,-50,0.5,-7.0,1.0
79700,1074,1081,-57,1078.0,-6.0,1.0,-33,1.0,-10.0,0.0
79800,1073,1080,-10,1077.0,-6.0,1.0,-50,1.0,-6.0,1.0
79900,1072,1076,-56,1076.5,-6.0,1.0,-39,0.5,-5.0,1.0
80000,1074,1081,-44,1078.0,-6.0,1.0,-50,1.0,-5.0,1.0
80100,1073,1080,-55,1077.5,-6.0,1.0,-37,0.5,-8.0,1.0
80200,1073,1080,-45,1077.0,-6.0,1.0,-47,1.0,-8.0,0.0
80300,1072,1079,-8,1076.0,-6.0,1.0,-50,1.0,-10.0,1.0
80400,1072,1079,-60,1076.0,-6.0,1.0,-31,1.0,-9.0,1.0
80500,1073,1080,-40,1077.5,-6.0,1.0,-50,0.5,-6.0,1.0
80600,1072,1079,-56,1076.0,-6.0,1.0,-36,1.0,-8.0,1.0
80700,1073,1080,-44,1077.5,-6.0,1.0,-46,0.5,-10.0,1.0
80800,1075,1082,-56,1079.0,-6.0,1.0,-37,1.0,-7.0,1.0
80900,1077,1084,-44,1081.0,-6.0,1.0,-50,1.0,-6.0,1.0
81000,1077,1084,-56,1081.0,-6.0,1.0,-35,1.0,-9.0,1.0
81100,1077,1084,-44,1081.0,-6.0,1.0,-46,1.0,-10.0,0.0
81200,1077,1084,-10,1081.0,-6.0,1.0,-50,1.0,-8.0,1.0
81300,1078,1085,-58,1082.0,-6.0,1.0,-36,1.0,-6.0,0.0
81400,1079,1086,-6,1083.5,-6.0,1.0,-50,0.5,-7.0,0.0
81500,1079,1086,-7,1083.5,-6.0,1.0,-50,0.5,-10.0,1.0
81600,1079,1086,-60,1083.5,-6.0,1.0,-30,0.5,-10.0,1.0
81700,1082,1086,-40,1083.5,-6.0,1.0,-42,0.5,-18.0,0.0
81800,1079,1086,-18,1083.5,-6.0,1.0,-50,0.5,-9.0,1.0
81900,1078,1085,-59,1082.0,-6.0,1.0,-33,1.0,-8.0,1.0
82000,1078,1085,-41,1082.5,-6.0,1.0,-50,0.5,-9.0,0.0
82100,1080,1084,-9,1084.0,-6.0,1.0,-50,1.0,-7.0,0.0
82200,1081,1088,-7,1085.0,-6.0,1.0,-50,1.0,-5.0,1.0
82300,1079,1086,-55,1083.5,-6.0,1.0,-38,0.5,-7.0,1.0
82400,1080,1087,-45,1084.5,-6.0,1.0,-45,0.5,-10.0,1.0
82500,1082,1089,-55,1086.0,-6.0,1.0,-36,1.0,-9.0,0.0
82600,1082,1089,-9,1086.5,-6.0,1.0,-50,0.5,-8.0,1.0
82700,1084,1091,-58,1088.0,-6.0,1.0,-34,1.0,-8.0,1.0
82800,1084,1091,-42,1088.0,-6.0,1.0,-50,1.0,-6.0,1.0
82900,1084,1091,-56,1088.0,-6.0,1.0,-38,1.0,-6.0,0.0
83000,1084,1091,-6,1088.5,-6.0,1.0,-50,0.5,-9.0,0.0
83100,1084,1091,-9,1088.5,-6.0,1.0,-50,0.5,-5.0,1.0
83200,1084,1091,-55,1088.0,-6.0,1.0,-39,1.0,-6.0,1.0
83300,1084,1091,-45,1088.5,-6.0,1.0,-50,0.5,-5.0,1.0
83400,1083,1090,-55,1087.0,-6.0,1.0,-36,1.0,-9.0,0.0
83500,1082,1089,-9,1086.5,-6.0,1.0,-50,0.5,-5.0,0.0
83600,1082,1089,-5,1086.5,-6.0,1.0,-50,0.5,-7.0,0.0
83700,1083,1090,-7,1087.0,-6.0,1.0,-50,1.0,-6.0,1.0
83800,1086,1090,-56,1087.0,-6.0,1.0,-35,1.0,-9.0,0.0
83900,1082,1090,-9,1087.0,-6.0,1.0,-50,1.0,,1.0
84000,1083,1090,-50,1087.5,-6.0,1.0,-42,0.5,-8.0,1.0
84100,1083,1090,-50,1087.5,-6.0,1.0,-45,0.5,-5.0,1.0
84200,1085,1089,-50,1086.5,-6.0,1.0,-30,0.5,-20.0,1.0
84300,1084,1088,-50,1085.5,-6.0,1.0,-32,0.5,-18.0,1.0
84400,1082,1089,-50,1086.0,-6.0,1.0,-45,1.0,-5.0,1.0
84500,1080,1087,-50,1084.5,-6.0,1.0,-44,0.5,-6.0,0.0
84600,1081,1085,-6,1085.0,-6.0,1.0,-50,1.0,-6.0,0.0
84700,1079,1086,-6,1083.0,-6.0,1.0,-50,1.0,-6.0,1.0
84800,1078,1085,-56,1082.5,-6.0,1.0,-36,0.5,-8.0,1.0
84900,1077,1084,-44,1081.5,-6.0,1.0,-49,0.5,-7.0,1.0
85000,1077,1084,-56,1081.0,-6.0,1.0,-36,1.0,-8.0,0.0
85100,1076,1083,-8,1080.5,-6.0,1.0,-50,0.5,-7.0,0.0
85200,1076,1083,-7,1080.0,-6.0,1.0,-50,1.0,-9.0,1.0
85300,1078,1085,-59,1082.0,-6.0,1.0,-32,1.0,-9.0,0.0
85400,1079,1086,-9,1083.5,-6.0,1.0,-50,0.5,-6.0,0.0
85500,1079,1086,-6,1083.0,-6.0,1.0,-50,1.0,-6.0,0.0
85600,1080,1087,-6,1084.5,-6.0,1.0,-50,0.5,-6.0,1.0
85700,1081,1088,-56,1085.5,-6.0,1.0,-37,0.5,-7.0,1.0
85800,1079,1086,-44,1083.5,-6.0,1.0,-48,0.5,-8.0,1.0
85900,1079,1086,-56,1083.5,-6.0,1.0,-36,0.5,-8.0,1.0
86000,1079,1087,-44,1084.0,-6.0,1.0,-50,1.0,,1.0
86100,1079,1086,-50,1083.5,-6.0,1.0,-44,0.5,-6.0,0.0
86200,1078,1085,-6,1082.5,-6.0,1.0,-50,0.5,-7.0,0.0
86300,1078,1086,-7,1083.0,-6.0,1.0,-50,1.0,,1.0
86400,1078,1085,-50,1082.5,-6.0,1.0,-43,0.5,-7.0,0.0
86500,1081,1085,-7,1082.5,-6.0,1.0,-50,0.5,-19.0,1.0
86600,1078,1085,-69,1082.5,-6.0,1.0,-21,0.5,-10.0,0.0
86700,1078,1085,-10,1082.5,-6.0,1.0,-50,0.5,-7.0,1.0
86800,1078,1085,-57,1082.5,-6.0,1.0,-33,0.5,-10.0,1.0
86900,1079,1086,-43,1083.5,-6.0,1.0,-48,0.5,-9.0,0.0
87000,1080,1087,-9,1084.5,-6.0,1.0,-50,0.5,-6.0,1.0
87100,1082,1089,-56,1086.5,-6.0,1.0,-34,0.5,-10.0,1.0
87200,1081,1088,-44,1085.5,-6.0,1.0,-47,0.5,-9.0,0.0
87300,1081,1088,-9,1085.0,-6.0,1.0,-50,1.0,-10.0,1.0
87400,1082,1089,-60,1086.0,-6.0,1.0,-31,1.0,-9.0,1.0
87500,1081,1089,-40,1086.0,-6.0,1.0,-50,1.0,,0.0
87600,1083,1090,0,1087.5,-6.0,1.0,-50,0.5,-7.0,0.0
87700,1083,1090,-7,1087.0,-6.0,1.0,-50,1.0,-6.0,1.0
87800,1082,1089,-56,1086.5,-6.0,1.0,-39,0.5,-5.0,1.0
87900,1085,1089,-44,1086.5,-6.0,1.0,-44,0.5,-12.0,1.0
88000,1082,1089,-56,1086.5,-6.0,1.0,-35,0.5,-9.0,1.0
88100,1081,1088,-44,1085.5,-6.0,1.0,-50,0.5,-6.0,1.0
88200,1083,1090,-56,1087.0,-6.0,1.0,-34,1.0,-10.0,1.0
88300,1083,1090,-44,1087.5,-6.0,1.0,-47,0.5,-9.0,1.0
88400,1083,1090,-56,1087.5,-6.0,1.0,-35,0.5,-9.0,1.0
88500,1082,1089,-44,1086.5,-6.0,1.0,-49,0.5,-7.0,0.0
88600,1083,1090,-7,1087.0,-6.0,1.0,-50,1.0,-6.0,1.0
88700,1083,1087,-56,1087.0,-6.0,1.0,-39,1.0,-5.0,1.0
88800,1084,1091,-44,1088.5,-6.0,1.0,-50,0.5,-5.0,1.0
88900,1084,1091,-55,1088.5,-6.0,1.0,-37,0.5,-8.0,1.0
89000,1084,1091,-45,1088.0,-6.0,1.0,-49,1.0,-6.0,0.0
89100,1084,1091,-6,1088.0,-6.0,1.0,-50,1.0,-7.0,0.0
89200,1083,1090,-7,1087.0,-6.0,1.0,-50,1.0,-10.0,1.0
89300,1083,1090,-60,1087.0,-6.0,1.0,-31,1.0,-9.0,0.0
89400,1082,1090,-9,1087.0,-6.0,1.0,-50,1.0,,0.0
89500,1080,1087,0,1084.5,-6.0,1.0,-50,0.5,-9.0,1.0
89600,1080,1087,-59,1084.5,-6.0,1.0,-32,0.5,-9.0,1.0
89700,1079,1086,-41,1083.0,-5.5,1.0,-50,0.5,-5.0,1.0
89800,1079,1086,-55,1083.5,-5.5,1.0,-45,1.0,,0.0
89900,1080,1087,0,1084.0,-5.5,1.0,-50,0.5,-9.0,1.0
90000,1080,1087,-59,1084.5,-5.5,1.0,-41,1.0,,1.0
90100,1083,1087,-41,1084.0,-5.5,1.0,-46,0.5,-13.0,1.0
90200,1080,1087,-59,1084.5,-5.5,1.0,-41,1.0,,1.0
90300,1080,1087,-41,1084.5,-5.5,1.0,-50,1.0,,0.0
90400,1080,1087,0,1084.0,-5.5,1.0,-50,0.5,-8.0,0.0
90500,1079,1087,-8,1084.0,-5.5,1.0,-50,0.5,,1.0
90600,1079,1086,-50,1083.5,-5.5,1.0,-50,1.0,,0.0
90700,1078,1085,0,1082.5,-5.5,1.0,-50,1.0,,1.0
90800,1078,1085,-50,1082.5,-5.5,1.0,-50,1.0,,1.0
90900,1076,1083,-50,1080.5,-5.5,1.0,-50,1.0,,1.0
91000,1076,1083,-50,1080.5,-5.5,1.0,-50,1.0,,1.0
91100,1076,1083,-50,1080.5,-5.5,1.0,-50,1.0,,0.0
91200,1075,1082,0,1079.5,-5.5,1.0,-50,1.0,,1.0
91300,1075,1082,-50,1079.0,-5.5,1.0,-40,0.5,-10.0,1.0
91400,1073,1080,-50,1077.5,-5.5,1.0,-50,1.0,,0.0
91500,1074,1081,0,1078.0,-5.5,1.0,-50,0.5,-8.0,1.0
91600,1075,1082,-58,1079.5,-5.5,1.0,-42,1.0,,1.0
91700,1074,1081,-42,1078.0,-5.5,1.0,-50,0.5,-8.0,1.0
91800,1073,1080,-58,1077.5,-5.5,1.0,-42,1.0,,0.0
91900,1073,1080,0,1077.5,-5.5,1.0,-50,1.0,,1.0
92000,1073,1080,-50,1077.5,-5.5,1.0,-50,1.0,,1.0
92100,1072,1079,-50,1076.5,-5.5,1.0,-50,1.0,,0.0
92200,1073,1080,0,1077.5,-5.5,1.0,-50,1.0,,0.0
92300,1073,1080,0,1077.5,-5.5,1.0,-50,1.0,,0.0
92400,1074,1081,0,1078.0,-5.5,1.0,-50,0.5,-6.0,0.0
92500,1074,1081,-6,1078.0,-5.5,1.0,-50,0.5,-9.0,0.0
92600,1072,1079,-9,1076.5,-5.5,1.0,-50,1.0,,1.0
92700,1074,1081,-50,1078.0,-5.5,1.0,-40,0.5,-10.0,0.0
92800,1074,1081,-10,1078.5,-5.5,1.0,-50,1.0,,0.0
92900,1074,1081,0,1078.5,-5.5,1.0,-50,1.0,,1.0
93000,1075,1082,-50,1079.0,-5.5,1.0,-41,0.5,-9.0,1.0
93100,1074,1081,-50,1078.5,-5.5,1.0,-50,1.0,,1.0
93200,1074,1081,-50,1078.5,-5.5,1.0,-50,1.0,,1.0
93300,1074,1081,-50,1078.5,-5.5,1.0,-50,1.0,,0.0
93400,1074,1082,0,1079.0,-5.5,1.0,-50,0.5,,1.0
93500,1075,1082,-50,1079.0,-5.5,1.0,-44,0.5,-6.0,1.0
93600,1074,1081,-50,1078.5,-5.5,1.0,-50,1.0,,1.0
93700,1075,1082,-50,1079.0,-5.5,1.0,-40,0.5,-10.0,1.0
93800,1075,1082,-50,1079.0,-5.5,1.0,-44,0.5,-6.0,1.0
93900,1074,1081,-50,1078.5,-5.5,1.0,-50,1.0,,0.0
94000,1074,1082,0,1079.0,-5.5,1.0,-50,0.5,,0.0
94100,1075,1079,0,1079.5,-5.5,1.0,-50,1.0,,1.0
94200,1075,1082,-50,1079.5,-5.5,1.0,-50,1.0,,1.0
94300,1074,1081,-50,1078.5,-5.5,1.0,-50,1.0,,1.0
94400,1074,1081,-50,1078.5,-5.5,1.0,-50,1.0,,1.0
94500,1074,1078,-50,1078.0,-5.5,1.0,-44,0.5,-6.0,1.0
94600,1074,1081,-50,1078.5,-5.5,1.0,-50,1.0,,1.0
94700,1075,1082,-50,1079.0,-5.5,1.0,-44,0.5,-6.0,1.0
94800,1076,1083,-50,1080.0,-5.5,1.0,-41,0.5,-9.0,0.0
94900,1076,1080,-9,1080.0,-5.5,1.0,-50,0.5,-8.0,1.0
95000,1077,1084,-58,1081.0,-5.5,1.0,-36,0.5,-6.0,0.0
95100,1076,1083,-6,1080.0,-5.5,1.0,-50,0.5,-5.0,0.0
95200,1081,1083,-5,1080.0,-5.5,1.0,-50,0.5,-10.0,0.0
95300,1076,1083,-10,1080.5,-5.5,1.0,-50,1.0,,0.0
95400,1076,1083,0,1080.5,-5.5,1.0,-50,1.0,,1.0
95500,1073,1080,-50,1077.5,-5.5,1.0,-50,1.0,,1.0
95600,1073,1077,-50,1078.0,-5.5,1.0,-50,0.5,,0.0
95700,1073,1081,0,1078.0,-5.5,1.0,-50,0.5,,1.0
95800,1072,1079,-50,1076.5,-5.5,1.0,-50,1.0,,0.0
95900,1071,1078,0,1075.0,-5.5,1.0,-50,0.5,-9.0,0.0
96000,1071,1078,-9,1075.0,-5.5,1.0,-50,0.5,-9.0,0.0
96100,1070,1077,-9,1074.0,-5.5,1.0,-50,0.5,-10.0,1.0
96200,1068,1075,-60,1072.5,-5.5,1.0,-40,1.0,,1.0
96300,1068,1075,-40,1072.5,-5.5,1.0,-50,1.0,,0.0
96400,1068,1076,0,1073.0,-5.5,1.0,-50,0.5,,1.0
96500,1069,1076,-50,1073.0,-5.5,1.0,-42,0.5,-8.0,1.0
96600,1069,1071,-50,1073.0,-5.5,1.0,-41,0.5,-9.0,1.0
96700,1070,1077,-50,1074.5,-5.5,1.0,-50,1.0,,1.0
96800,1071,1078,-50,1075.5,-5.5,1.1,-50,0.900000000000091,,1.0
96900,1071,1078,-50,1075.5,-5.5,1.1,-50,0.900000000000091,,0.0
97000,1074,1081,0,1078.0,-5.5,1.1,-50,0.40000000000009095,-9.0,1.0
97100,1076,1083,-59,1080.5,-5.5,1.1,-41,0.900000000000091,,0.0
97200,1074,1081,0,1078.0,-5.5,1.1,-50,0.40000000000009095,-6.0,1.0
97300,1072,1079,-56,1076.0,-5.5,1.1,-38,0.40000000000009095,-6.0,0.0
97400,1070,1077,-6,1074.5,-5.5,1.1,-50,0.900000000000091,,1.0
97500,1072,1079,-50,1076.0,-5.5,1.1,-44,0.40000000000009095,-6.0,1.0
97600,1072,1079,-50,1076.0,-5.5,1.1,-45,0.40000000000009095,-5.0,1.0
97700,1071,1078,-50,1075.0,-5.5,1.1,-41,0.40000000000009095,-9.0,1.0
97800,1071,1078,-50,1075.0,-5.5,1.1,-44,0.40000000000009095,-6.0,1.0
97900,1071,1078,-50,1075.0,-5.5,1.1,-40,0.40000000000009095,-10.0,1.0
98000,1071,1078,-50,1075.5,-5.5,1.1,-50,0.900000000000091,,1.0
98100,1071,1078,-50,1075.0,-5.5,1.1,-43,0.40000000000009095,-7.0,1.0
98200,1070,1077,-50,1074.0,-5.5,1.1,-42,0.40000000000009095,-8.0,1.0
98300,1071,1078,-50,1075.0,-5.5,1.1,-45,0.40000000000009095,-5.0,1.0
98400,1071,1078,-50,1075.0,-5.5,1.1,-44,0.40000000000009095,-6.0,0.0
98500,1071,1078,-6,1075.5,-5.5,1.1,-50,0.900000000000091,,1.0
98600,1070,1077,-50,1074.5,-5.5,1.1,-50,0.900000000000091,,1.0
98700,1070,1077,-50,1074.5,-5.5,1.1,-50,0.900000000000091,,1.0
98800,1069,1076,-50,1073.0,-5.5,1.1,-45,0.40000000000009095,-5.0,0.0
98900,1069,1076,-5,1073.0,-5.5,1.1,-50,0.40000000000009095,-9.0,1.0
99000,1070,1072,-59,1074.5,-5.5,1.1,-41,0.900000000000091,,1.0
99100,1070,1077,-41,1074.5,-5.5,1.1,-50,0.900000000000091,,1.0
99200,1069,1076,-50,1073.0,-5.5,1.1,-44,0.40000000000009095,-6.0,0.0
99300,1068,1075,-6,1072.5,-5.5,1.1,-50,0.900000000000091,,0.0
99400,1068,1075,0,1072.0,-5.5,1.1,-50,0.40000000000009095,-7.0,1.0
99500,1067,1074,-57,1071.5,-5.5,1.1,-43,0.900000000000091,,0.0
99600,1068,1075,0,1072.5,-5.5,1.1,-50,0.900000000000091,,1.0
99700,1068,1076,-50,1073.0,-5.5,1.1,-50,0.40000000000009095,,1.0
99800,1068,1075,-50,1072.5,-5.5,1.1,-50,0.900000000000091,,1.0
99900,1067,1074,-50,1071.0,-5.5,1.1,-43,0.40000000000009095,-7.0,1.0
